prop_tag,prop_status,date_time,prop_value
020093L,0,"2020-06-08 07:20:07.885",0
020123L,1,"2020-06-08 07:20:07.921",136
020033L,1,"2020-06-08 07:20:19.428",715
020063L,1,"2020-06-08 07:20:21.159",70
020093L,0,"2020-06-08 07:26:49.747",3
020123L,1,"2020-06-08 07:26:49.755",136
020033L,1,"2020-06-08 07:27:00.790",713
020063L,1,"2020-06-08 07:27:03.472",70
020093L,0,"2020-06-08 07:30:54.289",0
020123L,1,"2020-06-08 07:30:54.295",136
020033L,1,"2020-06-08 07:31:06.333",714
020063L,1,"2020-06-08 07:31:09.013",71
020093L,1,"2020-06-08 07:40:14.163",775
020123L,1,"2020-06-08 07:40:14.171",136
020033L,1,"2020-06-08 07:40:14.175",714
020063L,1,"2020-06-08 07:40:14.180",70
020093L,1,"2020-06-08 07:56:50.930",776
020123L,1,"2020-06-08 07:56:50.937",138
020033L,1,"2020-06-08 07:56:50.941",717
020063L,1,"2020-06-08 07:56:50.946",70
020093L,1,"2020-06-08 08:53:49.690",776
020123L,1,"2020-06-08 08:53:49.720",137
020033L,1,"2020-06-08 08:53:49.749",713
020063L,1,"2020-06-08 08:53:49.778",71
020093L,0,"2020-06-08 09:27:17.862",0
020123L,1,"2020-06-08 09:27:17.870",136
020033L,1,"2020-06-08 09:27:30.407",715
020063L,1,"2020-06-08 09:27:30.412",71
020093L,1,"2020-06-08 09:32:34.110",777
020123L,1,"2020-06-08 09:32:34.117",135
020033L,1,"2020-06-08 09:32:34.122",714
020063L,1,"2020-06-08 09:32:34.127",70
020093L,1,"2020-06-08 11:16:53.376",778
020123L,1,"2020-06-08 11:16:53.407",137
020033L,1,"2020-06-08 11:16:53.437",715
020063L,1,"2020-06-08 11:16:53.468",71
020093L,1,"2020-06-08 11:18:40.335",775
020123L,1,"2020-06-08 11:18:40.343",137
020033L,1,"2020-06-08 11:18:40.347",716
020063L,1,"2020-06-08 11:18:40.352",71
020093L,1,"2020-06-08 11:21:19.819",778
020123L,1,"2020-06-08 11:21:19.827",136
020033L,1,"2020-06-08 11:21:19.832",713
020063L,1,"2020-06-08 11:21:19.836",72
020093L,1,"2020-06-08 11:23:50.801",775
020123L,1,"2020-06-08 11:23:50.812",136
020033L,1,"2020-06-08 11:23:50.818",713
020063L,1,"2020-06-08 11:23:50.824",70
020093L,1,"2020-06-08 11:26:14.379",775
020123L,1,"2020-06-08 11:26:14.386",136
020033L,1,"2020-06-08 11:26:14.391",716
020063L,1,"2020-06-08 11:26:14.397",71
020093L,1,"2020-06-08 11:28:09.195",775
020123L,1,"2020-06-08 11:28:09.203",137
020033L,1,"2020-06-08 11:28:09.208",713
020063L,1,"2020-06-08 11:28:09.213",70
020093L,1,"2020-06-08 11:30:59.597",774
020123L,1,"2020-06-08 11:30:59.603",138
020033L,1,"2020-06-08 11:30:59.608",716
020063L,1,"2020-06-08 11:30:59.613",71
020093L,1,"2020-06-08 11:32:56.941",777
020123L,1,"2020-06-08 11:32:56.948",137
020033L,1,"2020-06-08 11:32:56.953",716
020063L,1,"2020-06-08 11:32:56.958",70
020093L,1,"2020-06-08 11:35:59.211",775
020123L,1,"2020-06-08 11:35:59.218",136
020033L,1,"2020-06-08 11:35:59.223",715
020063L,1,"2020-06-08 11:35:59.227",72
020093L,1,"2020-06-08 11:37:46.522",777
020123L,1,"2020-06-08 11:37:46.530",135
020033L,1,"2020-06-08 11:37:46.535",715
020063L,1,"2020-06-08 11:37:46.540",70
020093L,1,"2020-06-08 11:39:57.721",775
020123L,1,"2020-06-08 11:39:57.728",136
020033L,1,"2020-06-08 11:39:57.733",717
020063L,1,"2020-06-08 11:39:57.737",71
020093L,1,"2020-06-08 11:42:06.954",777
020123L,1,"2020-06-08 11:42:06.963",136
020033L,1,"2020-06-08 11:42:06.967",714
020063L,1,"2020-06-08 11:42:06.972",71
020093L,1,"2020-06-08 11:44:59.581",777
020123L,1,"2020-06-08 11:44:59.588",137
020033L,1,"2020-06-08 11:44:59.593",714
020063L,1,"2020-06-08 11:44:59.597",72
020093L,1,"2020-06-08 11:55:35.353",777
020123L,1,"2020-06-08 11:55:35.360",137
020033L,1,"2020-06-08 11:55:35.364",716
020063L,1,"2020-06-08 11:55:35.369",70
020093L,1,"2020-06-08 11:57:25.116",778
020123L,1,"2020-06-08 11:57:25.122",135
020033L,1,"2020-06-08 11:57:25.127",716
020063L,1,"2020-06-08 11:57:25.131",71
020093L,1,"2020-06-08 11:59:27.774",775
020123L,1,"2020-06-08 11:59:27.783",136
020033L,1,"2020-06-08 11:59:27.787",715
020063L,1,"2020-06-08 11:59:27.792",72
020093L,1,"2020-06-08 12:01:33.665",776
020123L,1,"2020-06-08 12:01:33.673",136
020033L,1,"2020-06-08 12:01:33.677",713
020063L,1,"2020-06-08 12:01:33.682",71
020093L,1,"2020-06-08 12:04:10.079",777
020123L,1,"2020-06-08 12:04:10.088",136
020033L,1,"2020-06-08 12:04:10.093",715
020063L,1,"2020-06-08 12:04:10.098",71
020093L,1,"2020-06-08 12:06:24.124",775
020123L,1,"2020-06-08 12:06:24.132",138
020033L,1,"2020-06-08 12:06:24.137",716
020063L,1,"2020-06-08 12:06:24.141",71
020093L,1,"2020-06-08 12:08:11.140",775
020123L,1,"2020-06-08 12:08:11.149",136
020033L,1,"2020-06-08 12:08:11.153",715
020063L,1,"2020-06-08 12:08:11.158",70
020093L,1,"2020-06-08 12:10:29.311",777
020123L,1,"2020-06-08 12:10:29.320",135
020033L,1,"2020-06-08 12:10:29.324",714
020063L,1,"2020-06-08 12:10:29.329",70
020093L,1,"2020-06-08 12:12:17.125",777
020123L,1,"2020-06-08 12:12:17.134",137
020033L,1,"2020-06-08 12:12:17.138",715
020063L,1,"2020-06-08 12:12:17.143",71
020093L,1,"2020-06-08 12:14:35.460",776
020123L,1,"2020-06-08 12:14:35.469",137
020033L,1,"2020-06-08 12:14:35.473",713
020063L,1,"2020-06-08 12:14:35.478",70
020093L,1,"2020-06-08 12:16:53.006",776
020123L,1,"2020-06-08 12:16:53.014",136
020033L,1,"2020-06-08 12:16:53.019",716
020063L,1,"2020-06-08 12:16:53.023",70
020093L,1,"2020-06-08 12:19:08.274",777
020123L,1,"2020-06-08 12:19:08.283",135
020033L,1,"2020-06-08 12:19:08.288",716
020063L,1,"2020-06-08 12:19:08.293",70
020093L,1,"2020-06-08 12:21:05.301",776
020123L,1,"2020-06-08 12:21:05.309",137
020033L,1,"2020-06-08 12:21:05.314",715
020063L,1,"2020-06-08 12:21:05.318",70
020093L,1,"2020-06-08 12:25:01.747",776
020123L,1,"2020-06-08 12:25:01.755",136
020033L,1,"2020-06-08 12:25:01.760",715
020063L,1,"2020-06-08 12:25:01.764",71
020093L,1,"2020-06-08 12:26:51.462",776
020123L,1,"2020-06-08 12:26:51.470",137
020033L,1,"2020-06-08 12:26:51.475",715
020063L,1,"2020-06-08 12:26:51.479",70
020093L,1,"2020-06-08 12:28:40.632",775
020123L,1,"2020-06-08 12:28:40.642",137
020033L,1,"2020-06-08 12:28:40.646",714
020063L,1,"2020-06-08 12:28:40.651",71
020093L,1,"2020-06-08 12:30:38.287",777
020123L,1,"2020-06-08 12:30:38.296",135
020033L,1,"2020-06-08 12:30:38.300",714
020063L,1,"2020-06-08 12:30:38.305",70
020093L,1,"2020-06-08 12:33:56.970",777
020123L,1,"2020-06-08 12:33:56.978",135
020033L,1,"2020-06-08 12:33:56.983",715
020063L,1,"2020-06-08 12:33:56.987",71
020093L,1,"2020-06-08 12:35:47.000",775
020123L,1,"2020-06-08 12:35:47.008",136
020033L,1,"2020-06-08 12:35:47.013",715
020063L,1,"2020-06-08 12:35:47.017",70
020093L,1,"2020-06-08 12:37:33.776",777
020123L,1,"2020-06-08 12:37:33.785",135
020033L,1,"2020-06-08 12:37:33.790",714
020063L,1,"2020-06-08 12:37:33.794",71
020093L,1,"2020-06-08 12:40:17.124",777
020123L,1,"2020-06-08 12:40:17.133",136
020033L,1,"2020-06-08 12:40:17.137",715
020063L,1,"2020-06-08 12:40:17.142",71
020093L,1,"2020-06-08 12:42:30.226",777
020123L,1,"2020-06-08 12:42:30.235",137
020033L,1,"2020-06-08 12:42:30.239",714
020063L,1,"2020-06-08 12:42:30.243",70
020093L,1,"2020-06-08 12:44:29.853",779
020123L,1,"2020-06-08 12:44:29.861",135
020033L,1,"2020-06-08 12:44:29.866",715
020063L,1,"2020-06-08 12:44:29.870",70
020093L,1,"2020-06-08 12:46:40.872",775
020123L,1,"2020-06-08 12:46:40.880",135
020033L,1,"2020-06-08 12:46:40.885",716
020063L,1,"2020-06-08 12:46:40.889",71
020093L,1,"2020-06-08 12:50:09.476",778
020123L,1,"2020-06-08 12:50:09.485",136
020033L,1,"2020-06-08 12:50:09.490",715
020063L,1,"2020-06-08 12:50:09.495",71
020093L,1,"2020-06-08 12:52:14.885",776
020123L,1,"2020-06-08 12:52:14.895",137
020033L,1,"2020-06-08 12:52:14.899",715
020063L,1,"2020-06-08 12:52:14.904",70
020093L,1,"2020-06-08 12:56:54.796",778
020123L,1,"2020-06-08 12:56:54.803",137
020033L,1,"2020-06-08 12:56:54.807",716
020063L,1,"2020-06-08 12:56:54.812",71
020093L,1,"2020-06-08 12:58:58.034",776
020123L,1,"2020-06-08 12:58:58.043",137
020033L,1,"2020-06-08 12:58:58.047",716
020063L,1,"2020-06-08 12:58:58.052",71
020093L,1,"2020-06-08 13:00:45.248",777
020123L,1,"2020-06-08 13:00:45.256",136
020033L,1,"2020-06-08 13:00:45.260",714
020063L,1,"2020-06-08 13:00:45.265",70
020093L,1,"2020-06-08 13:06:08.766",776
020123L,1,"2020-06-08 13:06:08.775",135
020033L,1,"2020-06-08 13:06:08.780",716
020063L,1,"2020-06-08 13:06:08.784",71
020093L,1,"2020-06-08 13:07:55.978",777
020123L,1,"2020-06-08 13:07:55.987",137
020033L,1,"2020-06-08 13:07:55.991",715
020063L,1,"2020-06-08 13:07:55.995",70
020093L,1,"2020-06-08 13:10:20.446",775
020123L,1,"2020-06-08 13:10:20.455",136
020033L,1,"2020-06-08 13:10:20.459",717
020063L,1,"2020-06-08 13:10:20.464",71
020093L,1,"2020-06-08 13:12:59.040",776
020123L,1,"2020-06-08 13:12:59.049",138
020033L,1,"2020-06-08 13:12:59.054",715
020063L,1,"2020-06-08 13:12:59.058",70
020093L,1,"2020-06-08 13:15:02.233",775
020123L,1,"2020-06-08 13:15:02.241",137
020033L,1,"2020-06-08 13:15:02.246",713
020063L,1,"2020-06-08 13:15:02.250",72
020093L,1,"2020-06-08 13:18:41.195",775
020123L,1,"2020-06-08 13:18:41.202",134
020033L,1,"2020-06-08 13:18:41.207",716
020063L,1,"2020-06-08 13:18:41.211",71
020093L,1,"2020-06-08 13:20:42.205",775
020123L,1,"2020-06-08 13:20:42.212",136
020033L,1,"2020-06-08 13:20:42.216",716
020063L,1,"2020-06-08 13:20:42.221",71
020093L,1,"2020-06-08 13:24:03.144",779
020123L,1,"2020-06-08 13:24:03.152",135
020033L,1,"2020-06-08 13:24:03.157",717
020063L,1,"2020-06-08 13:24:03.162",71
020093L,1,"2020-06-08 13:27:04.300",775
020123L,1,"2020-06-08 13:27:04.308",135
020033L,1,"2020-06-08 13:27:04.313",714
020063L,1,"2020-06-08 13:27:04.318",70
020093L,1,"2020-06-08 13:34:37.081",775
020123L,1,"2020-06-08 13:34:37.092",135
020033L,1,"2020-06-08 13:34:37.097",714
020063L,1,"2020-06-08 13:34:37.102",70
020093L,1,"2020-06-08 13:44:38.407",779
020123L,1,"2020-06-08 13:44:38.414",138
020033L,1,"2020-06-08 13:44:38.419",714
020063L,1,"2020-06-08 13:44:38.423",70
020093L,1,"2020-06-08 13:48:23.167",776
020123L,1,"2020-06-08 13:48:23.175",137
020033L,1,"2020-06-08 13:48:23.180",715
020063L,1,"2020-06-08 13:48:23.184",70
020093L,1,"2020-06-08 13:50:47.347",774
020123L,1,"2020-06-08 13:50:47.354",137
020033L,1,"2020-06-08 13:50:47.358",714
020063L,1,"2020-06-08 13:50:47.363",70
020093L,1,"2020-06-08 13:53:08.325",774
020123L,1,"2020-06-08 13:53:08.332",136
020033L,1,"2020-06-08 13:53:08.337",715
020063L,1,"2020-06-08 13:53:08.342",71
020093L,1,"2020-06-08 13:55:10.890",775
020123L,1,"2020-06-08 13:55:10.897",137
020033L,1,"2020-06-08 13:55:10.901",714
020063L,1,"2020-06-08 13:55:10.906",71
020093L,1,"2020-06-08 14:05:04.945",777
020123L,1,"2020-06-08 14:05:04.952",136
020033L,1,"2020-06-08 14:05:04.957",714
020063L,1,"2020-06-08 14:05:04.961",70
020093L,1,"2020-06-08 14:06:50.806",777
020123L,1,"2020-06-08 14:06:50.814",136
020033L,1,"2020-06-08 14:06:50.819",715
020063L,1,"2020-06-08 14:06:50.824",71
020093L,1,"2020-06-08 14:08:47.876",775
020123L,1,"2020-06-08 14:08:47.884",135
020033L,1,"2020-06-08 14:08:47.890",714
020063L,1,"2020-06-08 14:08:47.894",70
020093L,1,"2020-06-08 14:10:36.634",777
020123L,1,"2020-06-08 14:10:36.641",137
020033L,1,"2020-06-08 14:10:36.646",714
020063L,1,"2020-06-08 14:10:36.651",70
020093L,1,"2020-06-08 14:12:53.655",778
020123L,1,"2020-06-08 14:12:53.664",135
020033L,1,"2020-06-08 14:12:53.668",717
020063L,1,"2020-06-08 14:12:53.673",70
020093L,1,"2020-06-08 14:14:50.699",776
020123L,1,"2020-06-08 14:14:50.708",136
020033L,1,"2020-06-08 14:14:50.712",716
020063L,1,"2020-06-08 14:14:50.717",70
020093L,1,"2020-06-08 14:16:56.101",777
020123L,1,"2020-06-08 14:16:56.110",135
020033L,1,"2020-06-08 14:16:56.115",716
020063L,1,"2020-06-08 14:16:56.119",70
020093L,1,"2020-06-08 14:20:05.583",775
020123L,1,"2020-06-08 14:20:05.591",135
020033L,1,"2020-06-08 14:20:05.595",716
020063L,1,"2020-06-08 14:20:05.600",70
020093L,1,"2020-06-08 14:23:40.702",776
020123L,1,"2020-06-08 14:23:40.711",136
020033L,1,"2020-06-08 14:23:40.716",714
020063L,1,"2020-06-08 14:23:40.720",71
020093L,1,"2020-06-08 14:27:33.901",776
020123L,1,"2020-06-08 14:27:33.910",136
020033L,1,"2020-06-08 14:27:33.915",714
020063L,1,"2020-06-08 14:27:33.919",71
020093L,1,"2020-06-08 14:29:33.904",777
020123L,1,"2020-06-08 14:29:33.913",136
020033L,1,"2020-06-08 14:29:33.917",715
020063L,1,"2020-06-08 14:29:33.922",70
020093L,1,"2020-06-08 14:32:38.634",777
020123L,1,"2020-06-08 14:32:38.642",136
020033L,1,"2020-06-08 14:32:38.647",714
020063L,1,"2020-06-08 14:32:38.651",71
020093L,1,"2020-06-08 14:36:15.037",778
020123L,1,"2020-06-08 14:36:15.046",136
020033L,1,"2020-06-08 14:36:15.050",715
020063L,1,"2020-06-08 14:36:15.055",71
020093L,1,"2020-06-08 14:39:23.016",777
020123L,1,"2020-06-08 14:39:23.024",136
020033L,1,"2020-06-08 14:39:23.028",713
020063L,1,"2020-06-08 14:39:23.033",71
020093L,1,"2020-06-08 14:43:26.606",776
020123L,1,"2020-06-08 14:43:26.615",136
020033L,1,"2020-06-08 14:43:26.620",715
020063L,1,"2020-06-08 14:43:26.624",72
020093L,1,"2020-06-08 14:45:16.217",775
020123L,1,"2020-06-08 14:45:16.226",137
020033L,1,"2020-06-08 14:45:16.230",715
020063L,1,"2020-06-08 14:45:16.235",71
020093L,1,"2020-06-08 14:47:19.438",778
020123L,1,"2020-06-08 14:47:19.447",137
020033L,1,"2020-06-08 14:47:19.452",714
020063L,1,"2020-06-08 14:47:19.456",70
020093L,1,"2020-06-08 14:49:28.693",775
020123L,1,"2020-06-08 14:49:28.701",137
020033L,1,"2020-06-08 14:49:28.706",715
020063L,1,"2020-06-08 14:49:28.710",71
020093L,1,"2020-06-08 14:51:28.447",779
020123L,1,"2020-06-08 14:51:28.456",136
020033L,1,"2020-06-08 14:51:28.460",713
020063L,1,"2020-06-08 14:51:28.465",70
020093L,1,"2020-06-08 14:53:14.797",777
020123L,1,"2020-06-08 14:53:14.806",136
020033L,1,"2020-06-08 14:53:14.810",716
020063L,1,"2020-06-08 14:53:14.815",71
020093L,1,"2020-06-08 14:55:42.691",776
020123L,1,"2020-06-08 14:55:42.700",137
020033L,1,"2020-06-08 14:55:42.705",716
020063L,1,"2020-06-08 14:55:42.709",71
020093L,1,"2020-06-08 14:57:51.223",775
020123L,1,"2020-06-08 14:57:51.231",137
020033L,1,"2020-06-08 14:57:51.236",717
020063L,1,"2020-06-08 14:57:51.240",71
020093L,1,"2020-06-08 15:35:14.814",779
020123L,1,"2020-06-08 15:35:14.823",136
020033L,1,"2020-06-08 15:35:19.357",714
020063L,1,"2020-06-08 15:35:20.014",71
020093L,1,"2020-06-08 15:44:53.726",777
020123L,1,"2020-06-08 15:44:53.732",136
020033L,1,"2020-06-08 15:44:53.736",715
020063L,1,"2020-06-08 15:44:53.740",71
020093L,1,"2020-06-08 19:59:54.813",776
020123L,1,"2020-06-08 19:59:54.821",135
020033L,1,"2020-06-08 19:59:54.826",714
020063L,1,"2020-06-08 19:59:54.830",70
020093L,1,"2020-06-08 20:06:40.227",777
020123L,1,"2020-06-08 20:06:40.236",135
020033L,1,"2020-06-08 20:06:40.240",715
020063L,1,"2020-06-08 20:06:40.245",71
020093L,1,"2020-06-08 21:18:59.956",777
020123L,1,"2020-06-08 21:18:59.962",137
020033L,1,"2020-06-08 21:18:59.967",716
020063L,1,"2020-06-08 21:18:59.971",71
020093L,1,"2020-06-08 21:31:11.740",777
020123L,1,"2020-06-08 21:31:11.748",138
020033L,1,"2020-06-08 21:31:11.753",714
020063L,1,"2020-06-08 21:31:11.757",71
020093L,1,"2020-06-08 21:35:05.851",775
020123L,1,"2020-06-08 21:35:05.857",137
020033L,1,"2020-06-08 21:35:10.895",715
020063L,1,"2020-06-08 21:35:11.051",72
020093L,1,"2020-06-08 21:46:21.212",777
020123L,1,"2020-06-08 21:46:21.218",135
020033L,1,"2020-06-08 21:46:21.223",714
020063L,1,"2020-06-08 21:46:21.227",71
020093L,1,"2020-06-08 22:04:04.257",778
020123L,1,"2020-06-08 22:04:04.264",137
020033L,1,"2020-06-08 22:04:07.798",713
020063L,1,"2020-06-08 22:04:08.457",71
020093L,1,"2020-06-09 09:03:25.731",777
020123L,1,"2020-06-09 09:03:25.767",136
020033L,1,"2020-06-09 09:03:25.798",714
020063L,1,"2020-06-09 09:03:25.829",71
020093L,1,"2020-06-09 12:10:24.579",778
020123L,1,"2020-06-09 12:10:24.590",136
020033L,1,"2020-06-09 12:10:24.595",714
020063L,1,"2020-06-09 12:10:24.600",71
020093L,1,"2020-06-09 12:12:23.101",779
020123L,1,"2020-06-09 12:12:23.109",136
020033L,1,"2020-06-09 12:12:23.114",714
020063L,1,"2020-06-09 12:12:23.118",71
020093L,1,"2020-06-09 12:14:09.313",775
020123L,1,"2020-06-09 12:14:09.321",136
020033L,1,"2020-06-09 12:14:09.326",714
020063L,1,"2020-06-09 12:14:09.330",71
020093L,1,"2020-06-09 12:16:14.430",775
020123L,1,"2020-06-09 12:16:14.437",136
020033L,1,"2020-06-09 12:16:14.442",715
020063L,1,"2020-06-09 12:16:14.446",70
020093L,1,"2020-06-09 12:19:32.469",778
020123L,1,"2020-06-09 12:19:32.480",137
020033L,1,"2020-06-09 12:19:32.485",715
020063L,1,"2020-06-09 12:19:32.490",71
020093L,1,"2020-06-09 12:40:03.938",777
020123L,1,"2020-06-09 12:40:03.948",137
020033L,1,"2020-06-09 12:40:03.953",717
020063L,1,"2020-06-09 12:40:03.958",71
020093L,0,"2020-06-09 12:42:05.836",0
020123L,0,"2020-06-09 12:42:07.857",1
020033L,0,"2020-06-09 12:42:07.863",0
020063L,0,"2020-06-09 12:42:07.868",0
020093L,1,"2020-06-09 12:43:52.850",775
020123L,1,"2020-06-09 12:43:52.857",136
020033L,1,"2020-06-09 12:43:52.861",715
020063L,1,"2020-06-09 12:43:52.866",70
020093L,1,"2020-06-09 12:45:48.734",773
020123L,1,"2020-06-09 12:45:48.741",136
020033L,1,"2020-06-09 12:45:48.746",714
020063L,1,"2020-06-09 12:45:48.750",70
020093L,1,"2020-06-09 12:47:54.276",777
020123L,1,"2020-06-09 12:47:54.283",138
020033L,1,"2020-06-09 12:47:54.288",719
020063L,1,"2020-06-09 12:47:54.292",71
020093L,1,"2020-06-09 12:50:10.964",777
020123L,1,"2020-06-09 12:50:10.971",135
020033L,1,"2020-06-09 12:50:10.976",713
020063L,1,"2020-06-09 12:50:10.980",70
020093L,1,"2020-06-09 12:55:05.716",776
020123L,1,"2020-06-09 12:55:05.723",137
020033L,1,"2020-06-09 12:55:05.728",715
020063L,1,"2020-06-09 12:55:05.732",70
020093L,1,"2020-06-09 13:00:13.341",776
020123L,1,"2020-06-09 13:00:13.348",135
020033L,1,"2020-06-09 13:00:13.353",713
020063L,1,"2020-06-09 13:00:13.358",70
020093L,1,"2020-06-09 13:02:41.310",774
020123L,1,"2020-06-09 13:02:41.317",135
020033L,1,"2020-06-09 13:02:41.321",717
020063L,1,"2020-06-09 13:02:41.326",71
020093L,1,"2020-06-09 13:04:35.670",774
020123L,1,"2020-06-09 13:04:35.677",136
020033L,1,"2020-06-09 13:04:35.682",715
020063L,1,"2020-06-09 13:04:35.686",70
020093L,1,"2020-06-09 13:07:10.478",777
020123L,1,"2020-06-09 13:07:10.485",135
020033L,1,"2020-06-09 13:07:10.490",716
020063L,1,"2020-06-09 13:07:10.494",71
020093L,1,"2020-06-09 13:08:54.459",778
020123L,1,"2020-06-09 13:08:54.466",136
020033L,1,"2020-06-09 13:08:54.470",715
020063L,1,"2020-06-09 13:08:54.475",71
020093L,1,"2020-06-09 13:10:51.243",776
020123L,1,"2020-06-09 13:10:51.250",135
020033L,1,"2020-06-09 13:10:51.255",716
020063L,1,"2020-06-09 13:10:51.260",70
020093L,1,"2020-06-09 13:14:57.549",777
020123L,1,"2020-06-09 13:14:57.556",137
020033L,1,"2020-06-09 13:14:57.561",716
020063L,1,"2020-06-09 13:14:57.566",70
020093L,1,"2020-06-09 13:16:45.816",775
020123L,1,"2020-06-09 13:16:45.823",136
020033L,1,"2020-06-09 13:16:45.828",715
020063L,1,"2020-06-09 13:16:45.832",70
020093L,1,"2020-06-09 13:18:56.398",778
020123L,1,"2020-06-09 13:18:56.407",137
020033L,1,"2020-06-09 13:18:56.411",714
020063L,1,"2020-06-09 13:18:56.416",71
020093L,1,"2020-06-09 13:21:11.483",778
020123L,1,"2020-06-09 13:21:11.490",138
020033L,1,"2020-06-09 13:21:11.495",717
020063L,1,"2020-06-09 13:21:11.499",71
020093L,1,"2020-06-09 13:22:59.669",776
020123L,1,"2020-06-09 13:22:59.676",135
020033L,1,"2020-06-09 13:22:59.681",713
020063L,1,"2020-06-09 13:22:59.685",71
020093L,1,"2020-06-09 13:26:18.849",775
020123L,1,"2020-06-09 13:26:18.856",136
020033L,1,"2020-06-09 13:26:18.861",716
020063L,1,"2020-06-09 13:26:18.866",70
020093L,1,"2020-06-09 13:29:45.739",776
020123L,1,"2020-06-09 13:29:45.746",136
020033L,1,"2020-06-09 13:29:45.751",716
020063L,1,"2020-06-09 13:29:45.756",70
020093L,1,"2020-06-09 13:47:24.371",776
020123L,1,"2020-06-09 13:47:24.379",136
020033L,1,"2020-06-09 13:47:24.384",716
020063L,1,"2020-06-09 13:47:24.388",70
020093L,1,"2020-06-09 13:49:52.408",774
020123L,1,"2020-06-09 13:49:52.417",135
020033L,1,"2020-06-09 13:49:52.421",715
020063L,1,"2020-06-09 13:49:52.426",70
020093L,1,"2020-06-09 13:52:24.958",774
020123L,1,"2020-06-09 13:52:24.967",136
020033L,1,"2020-06-09 13:52:24.971",715
020063L,1,"2020-06-09 13:52:24.976",70
020093L,1,"2020-06-09 13:58:18.927",777
020123L,1,"2020-06-09 13:58:18.939",137
020033L,1,"2020-06-09 13:58:22.971",715
020063L,1,"2020-06-09 13:58:22.976",71
020093L,1,"2020-06-09 14:03:10.858",778
020123L,1,"2020-06-09 14:03:10.865",137
020033L,1,"2020-06-09 14:03:14.402",714
020063L,1,"2020-06-09 14:03:14.407",70
020093L,1,"2020-06-09 14:05:21.705",776
020123L,1,"2020-06-09 14:05:21.714",136
020033L,1,"2020-06-09 14:05:21.718",716
020063L,1,"2020-06-09 14:05:21.723",70
020093L,1,"2020-06-09 14:07:37.460",778
020123L,1,"2020-06-09 14:07:37.469",136
020033L,1,"2020-06-09 14:07:37.473",715
020063L,1,"2020-06-09 14:07:37.478",70
020093L,1,"2020-06-09 14:09:35.460",776
020123L,1,"2020-06-09 14:09:35.468",136
020033L,1,"2020-06-09 14:09:35.473",714
020063L,1,"2020-06-09 14:09:35.477",71
020093L,0,"2020-06-09 14:12:05.443",780
020123L,1,"2020-06-09 14:12:05.451",137
020033L,1,"2020-06-09 14:12:05.455",714
020063L,1,"2020-06-09 14:12:05.460",71
020093L,1,"2020-06-09 14:23:15.697",779
020123L,1,"2020-06-09 14:23:15.703",136
020033L,1,"2020-06-09 14:23:19.739",713
020063L,1,"2020-06-09 14:23:24.920",71
020093L,1,"2020-06-09 14:25:12.169",778
020123L,1,"2020-06-09 14:25:12.178",138
020033L,1,"2020-06-09 14:25:12.182",716
020063L,1,"2020-06-09 14:25:12.187",71
020093L,1,"2020-06-09 14:30:00.621",774
020123L,1,"2020-06-09 14:30:00.629",136
020033L,1,"2020-06-09 14:30:00.634",713
020063L,1,"2020-06-09 14:30:00.638",71
020093L,1,"2020-06-09 14:32:23.094",776
020123L,1,"2020-06-09 14:32:23.103",136
020033L,1,"2020-06-09 14:32:23.108",715
020063L,1,"2020-06-09 14:32:23.112",70
020093L,1,"2020-06-09 14:34:10.409",777
020123L,1,"2020-06-09 14:34:10.417",136
020033L,1,"2020-06-09 14:34:10.422",713
020063L,1,"2020-06-09 14:34:10.426",71
020093L,1,"2020-06-09 14:35:56.794",778
020123L,1,"2020-06-09 14:35:56.802",135
020033L,1,"2020-06-09 14:35:56.807",715
020063L,1,"2020-06-09 14:35:56.811",70
020093L,1,"2020-06-09 14:38:36.857",778
020123L,1,"2020-06-09 14:38:36.866",135
020033L,1,"2020-06-09 14:38:36.871",714
020063L,1,"2020-06-09 14:38:36.875",70
020093L,1,"2020-06-09 14:40:22.744",778
020123L,1,"2020-06-09 14:40:22.753",136
020033L,1,"2020-06-09 14:40:22.757",714
020063L,1,"2020-06-09 14:40:22.762",70
020093L,1,"2020-06-09 14:42:54.877",777
020123L,1,"2020-06-09 14:42:54.886",135
020033L,1,"2020-06-09 14:42:54.890",714
020063L,1,"2020-06-09 14:42:54.895",71
020093L,1,"2020-06-09 14:44:42.218",778
020123L,1,"2020-06-09 14:44:42.227",137
020033L,1,"2020-06-09 14:44:42.232",714
020063L,1,"2020-06-09 14:44:42.236",70
020093L,1,"2020-06-09 14:46:29.168",776
020123L,1,"2020-06-09 14:46:29.177",136
020033L,1,"2020-06-09 14:46:29.182",716
020063L,1,"2020-06-09 14:46:29.186",70
020093L,1,"2020-06-09 14:48:16.583",778
020123L,1,"2020-06-09 14:48:16.591",137
020033L,1,"2020-06-09 14:48:16.596",716
020063L,1,"2020-06-09 14:48:16.600",71
020093L,1,"2020-06-09 14:56:07.082",778
020123L,1,"2020-06-09 14:56:07.091",135
020033L,1,"2020-06-09 14:56:07.096",714
020063L,1,"2020-06-09 14:56:07.100",72
020093L,1,"2020-06-09 14:58:03.711",777
020123L,1,"2020-06-09 14:58:03.720",135
020033L,1,"2020-06-09 14:58:03.724",714
020063L,1,"2020-06-09 14:58:03.729",72
020093L,1,"2020-06-09 15:00:07.296",777
020123L,1,"2020-06-09 15:00:07.304",138
020033L,1,"2020-06-09 15:00:07.308",713
020063L,1,"2020-06-09 15:00:07.313",71
020093L,1,"2020-06-09 15:01:54.667",778
020123L,1,"2020-06-09 15:01:54.675",136
020033L,1,"2020-06-09 15:01:54.680",715
020063L,1,"2020-06-09 15:01:54.684",71
020093L,1,"2020-06-09 15:03:38.514",774
020123L,1,"2020-06-09 15:03:38.522",136
020033L,1,"2020-06-09 15:03:38.527",715
020063L,1,"2020-06-09 15:03:38.531",71
020093L,1,"2020-06-09 15:05:28.233",775
020123L,1,"2020-06-09 15:05:28.242",138
020033L,1,"2020-06-09 15:05:28.246",716
020063L,1,"2020-06-09 15:05:28.251",71
020093L,1,"2020-06-09 15:07:14.114",777
020123L,1,"2020-06-09 15:07:14.122",136
020033L,1,"2020-06-09 15:07:14.127",714
020063L,1,"2020-06-09 15:07:14.132",71
020093L,0,"2020-06-09 15:08:42.548",0
020123L,1,"2020-06-09 15:08:42.561",137
020033L,1,"2020-06-09 15:08:55.584",716
020063L,1,"2020-06-09 15:08:55.589",71
020093L,1,"2020-06-09 15:11:57.603",777
020123L,1,"2020-06-09 15:11:57.612",136
020033L,1,"2020-06-09 15:11:57.616",716
020063L,1,"2020-06-09 15:11:57.621",71
020093L,1,"2020-06-09 15:13:50.007",778
020123L,1,"2020-06-09 15:13:50.016",136
020033L,1,"2020-06-09 15:13:50.021",714
020063L,1,"2020-06-09 15:13:50.025",71
020093L,1,"2020-06-09 15:15:36.249",779
020123L,1,"2020-06-09 15:15:36.257",137
020033L,1,"2020-06-09 15:15:36.262",715
020063L,1,"2020-06-09 15:15:36.266",71
020093L,1,"2020-06-09 16:07:00.054",776
020123L,1,"2020-06-09 16:07:00.060",136
020033L,1,"2020-06-09 16:07:00.065",714
020063L,1,"2020-06-09 16:07:00.069",71
020093L,1,"2020-06-09 16:08:57.198",775
020123L,1,"2020-06-09 16:08:57.206",135
020033L,1,"2020-06-09 16:08:57.211",716
020063L,1,"2020-06-09 16:08:57.215",70
020093L,1,"2020-06-09 17:38:59.931",776
020123L,1,"2020-06-09 17:38:59.962",137
020033L,1,"2020-06-09 17:38:59.992",714
020063L,1,"2020-06-09 17:39:00.022",70
020093L,1,"2020-06-09 17:41:03.973",777
020123L,1,"2020-06-09 17:41:03.980",135
020033L,1,"2020-06-09 17:41:03.985",716
020063L,1,"2020-06-09 17:41:03.990",71
020093L,1,"2020-06-09 17:42:55.531",776
020123L,1,"2020-06-09 17:42:55.538",136
020033L,1,"2020-06-09 17:42:55.543",715
020063L,1,"2020-06-09 17:42:55.548",70
020093L,1,"2020-06-09 17:44:41.883",774
020123L,1,"2020-06-09 17:44:41.891",137
020033L,1,"2020-06-09 17:44:41.895",716
020063L,1,"2020-06-09 17:44:41.900",71
020093L,1,"2020-06-09 17:46:38.170",774
020123L,1,"2020-06-09 17:46:38.177",135
020033L,1,"2020-06-09 17:46:38.182",715
020063L,1,"2020-06-09 17:46:38.186",71
020093L,1,"2020-06-09 17:48:38.442",776
020123L,1,"2020-06-09 17:48:38.450",135
020033L,1,"2020-06-09 17:48:38.454",714
020063L,1,"2020-06-09 17:48:38.459",70
020093L,1,"2020-06-09 17:50:42.222",774
020123L,1,"2020-06-09 17:50:42.229",137
020033L,1,"2020-06-09 17:50:42.233",714
020063L,1,"2020-06-09 17:50:42.238",70
020093L,1,"2020-06-09 17:52:52.445",778
020123L,1,"2020-06-09 17:52:52.452",136
020033L,1,"2020-06-09 17:52:52.457",715
020063L,1,"2020-06-09 17:52:52.461",70
020093L,1,"2020-06-09 17:54:50.939",774
020123L,1,"2020-06-09 17:54:50.946",135
020033L,1,"2020-06-09 17:54:50.950",714
020063L,1,"2020-06-09 17:54:50.955",70
020093L,1,"2020-06-09 18:20:32.743",774
020123L,1,"2020-06-09 18:20:32.750",135
020033L,1,"2020-06-09 18:20:32.755",714
020063L,1,"2020-06-09 18:20:32.759",71
020093L,1,"2020-06-09 18:23:12.840",775
020123L,1,"2020-06-09 18:23:12.848",137
020033L,1,"2020-06-09 18:23:12.852",713
020063L,1,"2020-06-09 18:23:12.857",71
020093L,1,"2020-06-09 18:26:33.164",775
020123L,1,"2020-06-09 18:26:33.173",135
020033L,1,"2020-06-09 18:26:33.178",714
020063L,1,"2020-06-09 18:26:33.182",70
020093L,1,"2020-06-09 18:28:20.139",776
020123L,1,"2020-06-09 18:28:20.146",137
020033L,1,"2020-06-09 18:28:20.151",713
020063L,1,"2020-06-09 18:28:20.156",71
020093L,1,"2020-06-09 18:30:18.782",778
020123L,1,"2020-06-09 18:30:18.791",136
020033L,1,"2020-06-09 18:30:18.795",715
020063L,1,"2020-06-09 18:30:18.800",72
020093L,1,"2020-06-09 18:32:41.162",776
020123L,1,"2020-06-09 18:32:41.169",136
020033L,1,"2020-06-09 18:32:41.174",715
020063L,1,"2020-06-09 18:32:41.178",71
020093L,1,"2020-06-09 18:34:41.138",776
020123L,1,"2020-06-09 18:34:41.145",136
020033L,1,"2020-06-09 18:34:41.150",714
020063L,1,"2020-06-09 18:34:41.154",70
020093L,1,"2020-06-09 18:36:39.218",775
020123L,1,"2020-06-09 18:36:39.225",136
020033L,1,"2020-06-09 18:36:39.230",716
020063L,1,"2020-06-09 18:36:39.234",70
020093L,1,"2020-06-09 18:47:01.623",775
020123L,1,"2020-06-09 18:47:01.633",137
020033L,1,"2020-06-09 18:47:01.638",713
020063L,1,"2020-06-09 18:47:01.643",71
020093L,1,"2020-06-09 18:48:52.747",776
020123L,1,"2020-06-09 18:48:52.754",136
020033L,1,"2020-06-09 18:48:52.759",713
020063L,1,"2020-06-09 18:48:52.763",70
020093L,1,"2020-06-09 18:51:03.346",777
020123L,1,"2020-06-09 18:51:03.355",136
020033L,1,"2020-06-09 18:51:03.360",715
020063L,1,"2020-06-09 18:51:03.364",70
020093L,1,"2020-06-09 18:53:41.621",773
020123L,1,"2020-06-09 18:53:41.630",137
020033L,1,"2020-06-09 18:53:41.635",718
020063L,1,"2020-06-09 18:53:41.639",70
020093L,1,"2020-06-09 18:55:45.402",777
020123L,1,"2020-06-09 18:55:45.410",136
020033L,1,"2020-06-09 18:55:45.415",713
020063L,1,"2020-06-09 18:55:45.419",71
020093L,1,"2020-06-09 18:59:46.121",777
020123L,1,"2020-06-09 18:59:46.130",138
020033L,1,"2020-06-09 18:59:46.134",716
020063L,1,"2020-06-09 18:59:46.139",71
020093L,1,"2020-06-09 19:01:34.496",773
020123L,1,"2020-06-09 19:01:34.504",135
020033L,1,"2020-06-09 19:01:34.508",713
020063L,1,"2020-06-09 19:01:34.513",70
020093L,1,"2020-06-09 19:04:44.103",775
020123L,1,"2020-06-09 19:04:44.112",135
020033L,1,"2020-06-09 19:04:44.116",716
020063L,1,"2020-06-09 19:04:44.121",70
020093L,1,"2020-06-09 19:07:34.151",776
020123L,1,"2020-06-09 19:07:34.160",137
020033L,1,"2020-06-09 19:07:34.165",716
020063L,1,"2020-06-09 19:07:34.170",70
020093L,1,"2020-06-09 19:18:23.417",776
020123L,1,"2020-06-09 19:18:23.425",135
020033L,1,"2020-06-09 19:18:23.430",714
020063L,1,"2020-06-09 19:18:23.434",71
020093L,1,"2020-06-09 19:20:13.152",776
020123L,1,"2020-06-09 19:20:13.161",137
020033L,1,"2020-06-09 19:20:13.165",715
020063L,1,"2020-06-09 19:20:13.170",70
020093L,0,"2020-06-09 19:21:45.403",0
020123L,1,"2020-06-09 19:21:45.409",136
020033L,1,"2020-06-09 19:21:56.945",716
020063L,1,"2020-06-09 19:21:56.949",71
020093L,0,"2020-06-09 19:25:00.479",0
020123L,1,"2020-06-09 19:25:00.487",136
020033L,1,"2020-06-09 19:25:12.524",713
020063L,1,"2020-06-09 19:25:18.703",71
020093L,1,"2020-06-09 19:27:05.244",775
020123L,1,"2020-06-09 19:27:05.256",138
020033L,1,"2020-06-09 19:27:05.261",716
020063L,1,"2020-06-09 19:27:12.506",70
020093L,1,"2020-06-09 19:28:57.482",777
020123L,1,"2020-06-09 19:28:57.491",135
020033L,1,"2020-06-09 19:28:57.495",715
020063L,1,"2020-06-09 19:28:57.500",70
020093L,1,"2020-06-09 19:30:41.850",775
020123L,1,"2020-06-09 19:30:41.859",136
020033L,1,"2020-06-09 19:30:41.864",714
020063L,1,"2020-06-09 19:30:41.868",71
020093L,1,"2020-06-09 19:34:13.273",775
020123L,1,"2020-06-09 19:34:13.282",136
020033L,1,"2020-06-09 19:34:13.286",714
020063L,1,"2020-06-09 19:34:13.291",70
020093L,1,"2020-06-09 19:36:05.530",776
020123L,1,"2020-06-09 19:36:05.538",138
020033L,1,"2020-06-09 19:36:05.543",714
020063L,1,"2020-06-09 19:36:05.547",70
020093L,1,"2020-06-09 19:37:52.262",777
020123L,1,"2020-06-09 19:37:52.271",137
020033L,1,"2020-06-09 19:37:52.276",716
020063L,1,"2020-06-09 19:37:52.280",70
020093L,1,"2020-06-09 19:48:44.854",777
020123L,1,"2020-06-09 19:48:44.863",136
020033L,1,"2020-06-09 19:48:44.868",715
020063L,1,"2020-06-09 19:48:44.872",72
020093L,0,"2020-06-09 19:54:34.643",0
020123L,1,"2020-06-09 19:54:34.650",136
020033L,1,"2020-06-09 19:54:48.685",716
020063L,1,"2020-06-09 19:54:48.690",70
020093L,1,"2020-06-09 19:57:15.099",777
020123L,1,"2020-06-09 19:57:15.106",137
020033L,1,"2020-06-09 19:57:15.111",716
020063L,1,"2020-06-09 19:57:18.362",70
020093L,1,"2020-06-09 20:17:44.137",779
020123L,1,"2020-06-09 20:17:44.145",137
020033L,1,"2020-06-09 20:17:44.150",714
020063L,1,"2020-06-09 20:17:44.154",71
020093L,1,"2020-06-09 20:20:29.677",776
020123L,1,"2020-06-09 20:20:29.686",137
020033L,1,"2020-06-09 20:20:29.690",714
020063L,1,"2020-06-09 20:20:29.695",70
020093L,1,"2020-06-09 20:22:22.561",777
020123L,1,"2020-06-09 20:22:22.570",138
020033L,1,"2020-06-09 20:22:22.574",713
020063L,1,"2020-06-09 20:22:22.579",71
020093L,1,"2020-06-09 20:24:13.147",774
020123L,1,"2020-06-09 20:24:13.156",137
020033L,1,"2020-06-09 20:24:13.161",714
020063L,1,"2020-06-09 20:24:13.165",69
020093L,1,"2020-06-09 20:26:07.922",774
020123L,1,"2020-06-09 20:26:07.932",137
020033L,1,"2020-06-09 20:26:07.937",716
020063L,1,"2020-06-09 20:26:07.942",70
020093L,1,"2020-06-09 20:28:26.055",773
020123L,1,"2020-06-09 20:28:26.063",136
020033L,1,"2020-06-09 20:28:26.068",716
020063L,1,"2020-06-09 20:28:26.074",71
020093L,1,"2020-06-09 20:30:23.774",776
020123L,1,"2020-06-09 20:30:23.782",136
020033L,1,"2020-06-09 20:30:23.787",714
020063L,1,"2020-06-09 20:30:23.791",70
020093L,1,"2020-06-09 20:37:08.401",774
020123L,1,"2020-06-09 20:37:08.410",136
020033L,1,"2020-06-09 20:37:08.414",713
020063L,1,"2020-06-09 20:37:08.419",70
020093L,1,"2020-06-09 20:42:38.324",776
020123L,1,"2020-06-09 20:42:38.332",135
020033L,1,"2020-06-09 20:42:43.370",713
020063L,1,"2020-06-09 20:42:46.548",71
020093L,1,"2020-06-09 20:47:30.657",778
020123L,1,"2020-06-09 20:47:30.665",136
020033L,1,"2020-06-09 20:47:30.670",716
020063L,1,"2020-06-09 20:47:30.674",70
020093L,1,"2020-06-09 20:59:20.402",778
020123L,1,"2020-06-09 20:59:20.409",136
020033L,1,"2020-06-09 20:59:20.413",716
020063L,1,"2020-06-09 20:59:20.418",71
020093L,1,"2020-06-09 21:02:12.383",774
020123L,1,"2020-06-09 21:02:12.390",137
020033L,1,"2020-06-09 21:02:15.927",717
020063L,1,"2020-06-09 21:02:22.106",70
020093L,1,"2020-06-09 21:04:16.251",776
020123L,1,"2020-06-09 21:04:16.260",136
020033L,1,"2020-06-09 21:04:16.265",715
020063L,1,"2020-06-09 21:04:16.269",70
020093L,1,"2020-06-09 21:06:28.489",774
020123L,1,"2020-06-09 21:06:28.498",135
020033L,1,"2020-06-09 21:06:28.503",714
020063L,1,"2020-06-09 21:06:28.507",71
020093L,1,"2020-06-09 21:08:28.733",775
020123L,1,"2020-06-09 21:08:28.742",136
020033L,1,"2020-06-09 21:08:28.747",714
020063L,1,"2020-06-09 21:08:28.752",70
020093L,1,"2020-06-09 21:11:34.671",777
020123L,1,"2020-06-09 21:11:34.678",136
020033L,1,"2020-06-09 21:11:39.211",714
020063L,1,"2020-06-09 21:11:43.891",70
020093L,1,"2020-06-09 21:13:35.175",773
020123L,1,"2020-06-09 21:13:35.184",137
020033L,1,"2020-06-09 21:13:35.188",715
020063L,1,"2020-06-09 21:13:35.193",70
020093L,1,"2020-06-09 21:15:35.064",777
020123L,1,"2020-06-09 21:15:35.072",136
020033L,1,"2020-06-09 21:15:35.077",713
020063L,1,"2020-06-09 21:15:35.082",71
020093L,1,"2020-06-09 21:17:54.198",777
020123L,1,"2020-06-09 21:17:54.206",137
020033L,1,"2020-06-09 21:17:54.210",714
020063L,1,"2020-06-09 21:17:54.215",71
020093L,1,"2020-06-09 21:24:40.162",775
020123L,1,"2020-06-09 21:24:40.169",135
020033L,1,"2020-06-09 21:24:40.174",713
020063L,1,"2020-06-09 21:24:40.178",71
020093L,1,"2020-06-09 21:27:15.110",775
020123L,1,"2020-06-09 21:27:15.116",136
020033L,1,"2020-06-09 21:27:15.121",716
020063L,1,"2020-06-09 21:27:15.125",70
020093L,1,"2020-06-09 21:29:13.900",775
020123L,1,"2020-06-09 21:29:13.907",136
020033L,1,"2020-06-09 21:29:13.912",713
020063L,1,"2020-06-09 21:29:13.916",70
020093L,1,"2020-06-09 21:31:06.719",776
020123L,1,"2020-06-09 21:31:06.726",137
020033L,1,"2020-06-09 21:31:06.731",716
020063L,1,"2020-06-09 21:31:06.736",70
020093L,1,"2020-06-09 21:34:11.551",774
020123L,1,"2020-06-09 21:34:11.558",137
020033L,1,"2020-06-09 21:34:11.563",716
020063L,1,"2020-06-09 21:34:11.567",70
020093L,1,"2020-06-09 21:42:51.885",775
020123L,1,"2020-06-09 21:42:51.892",136
020033L,1,"2020-06-09 21:42:51.897",716
020063L,1,"2020-06-09 21:42:51.901",71
020093L,1,"2020-06-09 21:44:42.977",776
020123L,1,"2020-06-09 21:44:42.984",138
020033L,1,"2020-06-09 21:44:42.989",717
020063L,1,"2020-06-09 21:44:42.993",71
020093L,1,"2020-06-09 21:46:41.053",773
020123L,1,"2020-06-09 21:46:41.058",136
020033L,1,"2020-06-09 21:46:41.063",716
020063L,1,"2020-06-09 21:46:41.067",70
020093L,1,"2020-06-09 21:50:14.445",773
020123L,1,"2020-06-09 21:50:14.452",135
020033L,1,"2020-06-09 21:50:14.456",713
020063L,1,"2020-06-09 21:50:14.461",70
020093L,1,"2020-06-09 21:52:01.800",775
020123L,1,"2020-06-09 21:52:01.807",135
020033L,1,"2020-06-09 21:52:01.812",716
020063L,1,"2020-06-09 21:52:01.816",71
020093L,1,"2020-06-09 21:54:08.941",776
020123L,1,"2020-06-09 21:54:08.948",135
020033L,1,"2020-06-09 21:54:08.953",716
020063L,0,"2020-06-09 21:54:08.959",231
020093L,1,"2020-06-09 21:56:11.103",776
020123L,1,"2020-06-09 21:56:11.110",135
020033L,1,"2020-06-09 21:56:17.147",716
020063L,1,"2020-06-09 21:56:17.151",71
020093L,1,"2020-06-09 21:58:19.328",777
020123L,1,"2020-06-09 21:58:19.337",137
020033L,1,"2020-06-09 21:58:19.341",715
020063L,1,"2020-06-09 21:58:19.346",71
020093L,1,"2020-06-09 22:00:08.655",774
020123L,1,"2020-06-09 22:00:08.664",138
020033L,0,"2020-06-09 22:00:08.668",721
020063L,1,"2020-06-09 22:00:08.674",71
020093L,1,"2020-06-09 22:02:09.505",779
020123L,1,"2020-06-09 22:02:09.512",138
020033L,1,"2020-06-09 22:02:14.547",713
020063L,1,"2020-06-09 22:02:16.735",71
020093L,1,"2020-06-09 22:04:08.369",776
020123L,1,"2020-06-09 22:04:08.378",135
020033L,1,"2020-06-09 22:04:08.383",714
020063L,1,"2020-06-09 22:04:08.387",70
020093L,1,"2020-06-09 22:06:44.683",775
020123L,1,"2020-06-09 22:06:44.691",136
020033L,1,"2020-06-09 22:06:44.696",713
020063L,1,"2020-06-09 22:06:44.701",71
020093L,1,"2020-06-09 22:08:34.290",775
020123L,1,"2020-06-09 22:08:34.298",138
020033L,1,"2020-06-09 22:08:34.303",713
020063L,1,"2020-06-09 22:08:34.307",71
020093L,1,"2020-06-09 22:12:35.235",779
020123L,1,"2020-06-09 22:12:35.244",135
020033L,1,"2020-06-09 22:12:35.249",715
020063L,1,"2020-06-09 22:12:35.253",71
020093L,1,"2020-06-09 22:18:31.746",774
020123L,1,"2020-06-09 22:18:31.755",136
020033L,1,"2020-06-09 22:18:31.759",715
020063L,1,"2020-06-09 22:18:31.764",72
020093L,1,"2020-06-09 22:21:06.691",775
020123L,1,"2020-06-09 22:21:06.700",135
020033L,1,"2020-06-09 22:21:06.704",715
020063L,1,"2020-06-09 22:21:06.709",70
020093L,1,"2020-06-09 22:23:06.500",776
020123L,1,"2020-06-09 22:23:06.509",137
020033L,1,"2020-06-09 22:23:06.513",714
020063L,0,"2020-06-09 22:23:06.519",213
020093L,1,"2020-06-09 22:25:48.449",776
020123L,1,"2020-06-09 22:25:48.453",136
020033L,1,"2020-06-09 22:25:54.994",715
020063L,1,"2020-06-09 22:25:54.998",70
020093L,1,"2020-06-09 22:27:50.929",776
020123L,1,"2020-06-09 22:27:50.938",136
020033L,1,"2020-06-09 22:27:50.943",715
020063L,1,"2020-06-09 22:27:50.947",72
020093L,1,"2020-06-09 22:30:34.659",775
020123L,1,"2020-06-09 22:30:34.667",135
020033L,1,"2020-06-09 22:30:34.671",715
020063L,1,"2020-06-09 22:30:34.676",71
020093L,1,"2020-06-09 23:12:52.459",778
020123L,1,"2020-06-09 23:12:52.466",137
020033L,1,"2020-06-09 23:12:52.471",714
020063L,1,"2020-06-09 23:12:52.475",72
020093L,1,"2020-06-09 23:15:38.564",778
020123L,1,"2020-06-09 23:15:38.571",136
020033L,1,"2020-06-09 23:15:38.576",715
020063L,1,"2020-06-09 23:15:38.580",71
020093L,1,"2020-06-09 23:18:31.425",778
020123L,1,"2020-06-09 23:18:31.432",137
020033L,1,"2020-06-09 23:18:39.968",713
020063L,1,"2020-06-09 23:18:39.973",71
020093L,1,"2020-06-09 23:22:22.916",776
020123L,1,"2020-06-09 23:22:22.922",137
020033L,1,"2020-06-09 23:22:27.458",716
020063L,1,"2020-06-09 23:22:31.139",70
020093L,1,"2020-06-09 23:24:16.406",777
020123L,1,"2020-06-09 23:24:16.415",136
020033L,0,"2020-06-09 23:24:16.420",721
020063L,1,"2020-06-09 23:24:16.425",71
020093L,1,"2020-06-09 23:27:29.212",777
020123L,1,"2020-06-09 23:27:29.218",135
020033L,1,"2020-06-09 23:27:34.252",714
020063L,1,"2020-06-09 23:27:36.435",70
020093L,1,"2020-06-09 23:34:35.763",775
020123L,1,"2020-06-09 23:34:35.771",135
020033L,1,"2020-06-09 23:34:35.776",715
020063L,1,"2020-06-09 23:34:35.781",71
020093L,1,"2020-06-09 23:37:04.146",773
020123L,1,"2020-06-09 23:37:04.153",138
020033L,1,"2020-06-09 23:37:04.158",713
020063L,1,"2020-06-09 23:37:04.162",70
020093L,1,"2020-06-09 23:39:12.998",775
020123L,1,"2020-06-09 23:39:13.007",138
020033L,1,"2020-06-09 23:39:13.011",714
020063L,1,"2020-06-09 23:39:13.016",70
020093L,1,"2020-06-09 23:41:36.571",775
020123L,1,"2020-06-09 23:41:36.577",137
020033L,1,"2020-06-09 23:41:36.582",713
020063L,1,"2020-06-09 23:41:36.587",70
020093L,1,"2020-06-09 23:43:27.402",777
020123L,1,"2020-06-09 23:43:27.411",137
020033L,1,"2020-06-09 23:43:27.415",713
020063L,1,"2020-06-09 23:43:27.420",71
020093L,1,"2020-06-09 23:45:32.834",774
020123L,1,"2020-06-09 23:45:32.842",135
020033L,1,"2020-06-09 23:45:32.847",714
020063L,1,"2020-06-09 23:45:32.851",70
020093L,1,"2020-06-09 23:47:58.410",774
020123L,1,"2020-06-09 23:47:58.419",137
020033L,1,"2020-06-09 23:47:58.424",713
020063L,1,"2020-06-09 23:47:58.428",70
020093L,1,"2020-06-09 23:50:13.192",775
020123L,1,"2020-06-09 23:50:13.198",137
020033L,1,"2020-06-09 23:50:13.202",713
020063L,1,"2020-06-09 23:50:13.207",70
020093L,1,"2020-06-09 23:51:59.406",775
020123L,1,"2020-06-09 23:51:59.412",138
020033L,1,"2020-06-09 23:51:59.417",715
020063L,1,"2020-06-09 23:51:59.421",71
020093L,1,"2020-06-09 23:54:10.464",776
020123L,1,"2020-06-09 23:54:10.470",137
020033L,1,"2020-06-09 23:54:10.474",713
020063L,1,"2020-06-09 23:54:10.479",70
020093L,1,"2020-06-09 23:57:16.322",775
020123L,1,"2020-06-09 23:57:16.328",136
020033L,1,"2020-06-09 23:57:16.333",713
020063L,1,"2020-06-09 23:57:16.337",70
020093L,1,"2020-06-09 23:59:21.914",776
020123L,1,"2020-06-09 23:59:21.920",136
020033L,1,"2020-06-09 23:59:21.924",714
020063L,1,"2020-06-09 23:59:21.929",71
020093L,1,"2020-06-10 00:01:42.741",778
020123L,1,"2020-06-10 00:01:42.748",137
020033L,1,"2020-06-10 00:01:42.753",715
020063L,1,"2020-06-10 00:01:42.757",70
020093L,1,"2020-06-10 00:03:54.380",776
020123L,1,"2020-06-10 00:03:54.387",136
020033L,1,"2020-06-10 00:03:54.392",715
020063L,1,"2020-06-10 00:03:54.396",70
020093L,1,"2020-06-10 00:05:44.356",774
020123L,1,"2020-06-10 00:05:44.365",138
020033L,1,"2020-06-10 00:05:44.369",713
020063L,1,"2020-06-10 00:05:44.374",70
020093L,1,"2020-06-10 00:07:36.881",776
020123L,1,"2020-06-10 00:07:36.889",138
020033L,1,"2020-06-10 00:07:36.894",716
020063L,1,"2020-06-10 00:07:36.898",70
020093L,1,"2020-06-10 00:10:20.657",776
020123L,1,"2020-06-10 00:10:20.666",137
020033L,1,"2020-06-10 00:10:20.670",713
020063L,1,"2020-06-10 00:10:20.675",70
020093L,1,"2020-06-10 00:12:41.525",776
020123L,1,"2020-06-10 00:12:41.533",136
020033L,1,"2020-06-10 00:12:41.538",715
020063L,1,"2020-06-10 00:12:41.542",70
020093L,1,"2020-06-10 00:15:58.597",775
020123L,1,"2020-06-10 00:15:58.606",135
020033L,1,"2020-06-10 00:15:58.610",715
020063L,1,"2020-06-10 00:15:58.615",71
020093L,1,"2020-06-10 00:17:49.291",775
020123L,1,"2020-06-10 00:17:49.299",136
020033L,1,"2020-06-10 00:17:49.304",715
020063L,1,"2020-06-10 00:17:49.308",70
020093L,1,"2020-06-10 00:21:08.740",775
020123L,1,"2020-06-10 00:21:08.748",136
020033L,1,"2020-06-10 00:21:08.753",713
020063L,1,"2020-06-10 00:21:08.757",70
020093L,1,"2020-06-10 00:23:12.914",774
020123L,1,"2020-06-10 00:23:12.923",136
020033L,1,"2020-06-10 00:23:12.927",713
020063L,1,"2020-06-10 00:23:12.932",70
020093L,1,"2020-06-10 00:25:16.580",775
020123L,1,"2020-06-10 00:25:16.589",136
020033L,1,"2020-06-10 00:25:16.593",714
020063L,1,"2020-06-10 00:25:16.598",71
020093L,1,"2020-06-10 00:27:32.795",779
020123L,1,"2020-06-10 00:27:32.804",136
020033L,1,"2020-06-10 00:27:32.808",715
020063L,1,"2020-06-10 00:27:32.813",71
020093L,1,"2020-06-10 00:30:08.716",777
020123L,1,"2020-06-10 00:30:08.724",137
020033L,1,"2020-06-10 00:30:08.729",715
020063L,1,"2020-06-10 00:30:08.733",71
020093L,1,"2020-06-10 00:32:36.564",776
020123L,1,"2020-06-10 00:32:36.572",138
020033L,1,"2020-06-10 00:32:36.577",716
020063L,1,"2020-06-10 00:32:36.581",70
020093L,1,"2020-06-10 00:35:14.763",777
020123L,1,"2020-06-10 00:35:14.772",135
020033L,1,"2020-06-10 00:35:14.777",716
020063L,1,"2020-06-10 00:35:14.781",71
020093L,1,"2020-06-10 00:37:15.908",778
020123L,1,"2020-06-10 00:37:15.917",138
020033L,1,"2020-06-10 00:37:15.922",716
020063L,1,"2020-06-10 00:37:15.926",71
020093L,1,"2020-06-10 00:39:24.288",777
020123L,1,"2020-06-10 00:39:24.296",136
020033L,1,"2020-06-10 00:39:24.301",713
020063L,1,"2020-06-10 00:39:24.306",70
020093L,1,"2020-06-10 00:41:31.272",776
020123L,1,"2020-06-10 00:41:31.281",136
020033L,1,"2020-06-10 00:41:31.286",715
020063L,1,"2020-06-10 00:41:31.291",70
020093L,0,"2020-06-10 00:44:01.395",772
020123L,1,"2020-06-10 00:44:01.404",136
020033L,1,"2020-06-10 00:44:01.409",715
020063L,1,"2020-06-10 00:44:01.413",70
020093L,1,"2020-06-10 00:46:09.100",774
020123L,1,"2020-06-10 00:46:09.107",138
020033L,1,"2020-06-10 00:46:13.664",714
020063L,1,"2020-06-10 00:46:14.800",71
020093L,1,"2020-06-10 00:48:06.003",777
020123L,1,"2020-06-10 00:48:06.012",137
020033L,1,"2020-06-10 00:48:06.016",714
020063L,1,"2020-06-10 00:48:06.021",70
020093L,1,"2020-06-10 00:50:23.116",773
020123L,1,"2020-06-10 00:50:23.125",136
020033L,1,"2020-06-10 00:50:23.130",715
020063L,1,"2020-06-10 00:50:23.135",71
020093L,1,"2020-06-10 00:52:48.460",778
020123L,1,"2020-06-10 00:52:48.469",137
020033L,1,"2020-06-10 00:52:48.474",716
020063L,1,"2020-06-10 00:52:48.478",71
020093L,1,"2020-06-10 00:54:54.856",778
020123L,1,"2020-06-10 00:54:54.865",135
020033L,1,"2020-06-10 00:54:54.870",716
020063L,1,"2020-06-10 00:54:54.874",70
020093L,1,"2020-06-10 00:57:19.174",773
020123L,1,"2020-06-10 00:57:19.183",137
020033L,1,"2020-06-10 00:57:19.187",714
020063L,1,"2020-06-10 00:57:19.192",71
020093L,1,"2020-06-10 00:59:38.130",775
020123L,1,"2020-06-10 00:59:38.139",136
020033L,1,"2020-06-10 00:59:38.143",713
020063L,1,"2020-06-10 00:59:38.148",70
020093L,1,"2020-06-10 01:03:24.046",776
020123L,1,"2020-06-10 01:03:24.055",137
020033L,1,"2020-06-10 01:03:24.060",713
020063L,1,"2020-06-10 01:03:24.064",70
020093L,1,"2020-06-10 01:06:22.279",776
020123L,1,"2020-06-10 01:06:22.287",135
020033L,1,"2020-06-10 01:06:22.292",715
020063L,1,"2020-06-10 01:06:22.296",71
020093L,1,"2020-06-10 01:08:15.103",776
020123L,1,"2020-06-10 01:08:15.112",137
020033L,1,"2020-06-10 01:08:15.116",716
020063L,1,"2020-06-10 01:08:15.121",70
020093L,1,"2020-06-10 01:10:43.388",777
020123L,1,"2020-06-10 01:10:43.396",137
020033L,1,"2020-06-10 01:10:43.401",716
020063L,1,"2020-06-10 01:10:43.405",71
020093L,1,"2020-06-10 01:12:47.966",775
020123L,1,"2020-06-10 01:12:47.973",137
020033L,1,"2020-06-10 01:12:48.465",716
020063L,1,"2020-06-10 01:12:48.473",70
020093L,1,"2020-06-10 01:14:50.798",777
020123L,1,"2020-06-10 01:14:50.806",136
020033L,1,"2020-06-10 01:14:50.811",713
020063L,1,"2020-06-10 01:14:50.815",71
020093L,1,"2020-06-10 01:17:48.379",777
020123L,1,"2020-06-10 01:17:48.388",136
020033L,1,"2020-06-10 01:17:48.393",713
020063L,1,"2020-06-10 01:17:48.397",70
020093L,1,"2020-06-10 01:20:18.425",775
020123L,1,"2020-06-10 01:20:18.433",136
020033L,1,"2020-06-10 01:20:18.438",716
020063L,1,"2020-06-10 01:20:18.442",71
020093L,1,"2020-06-10 01:22:03.368",775
020123L,1,"2020-06-10 01:22:03.376",136
020033L,1,"2020-06-10 01:22:03.381",713
020063L,1,"2020-06-10 01:22:03.385",71
020093L,1,"2020-06-10 01:24:15.439",774
020123L,1,"2020-06-10 01:24:15.447",136
020033L,1,"2020-06-10 01:24:15.452",716
020063L,1,"2020-06-10 01:24:15.456",72
020093L,1,"2020-06-10 01:26:00.799",775
020123L,1,"2020-06-10 01:26:00.808",135
020033L,1,"2020-06-10 01:26:00.813",715
020063L,1,"2020-06-10 01:26:00.817",72
020093L,1,"2020-06-10 01:29:17.162",777
020123L,1,"2020-06-10 01:29:17.170",138
020033L,1,"2020-06-10 01:29:17.175",715
020063L,1,"2020-06-10 01:29:17.179",70
020093L,1,"2020-06-10 01:31:37.639",773
020123L,1,"2020-06-10 01:31:37.648",136
020033L,1,"2020-06-10 01:31:37.653",714
020063L,1,"2020-06-10 01:31:37.657",70
020093L,1,"2020-06-10 01:43:17.570",775
020123L,1,"2020-06-10 01:43:17.579",137
020033L,1,"2020-06-10 01:43:17.583",714
020063L,1,"2020-06-10 01:43:17.588",70
020093L,1,"2020-06-10 01:45:40.381",777
020123L,1,"2020-06-10 01:45:40.389",138
020033L,1,"2020-06-10 01:45:40.394",714
020063L,1,"2020-06-10 01:45:40.398",70
020093L,1,"2020-06-10 01:47:27.617",775
020123L,1,"2020-06-10 01:47:27.625",136
020033L,1,"2020-06-10 01:47:27.630",713
020063L,1,"2020-06-10 01:47:27.635",70
020093L,1,"2020-06-10 01:51:27.941",775
020123L,1,"2020-06-10 01:51:27.950",137
020033L,1,"2020-06-10 01:51:27.954",715
020063L,1,"2020-06-10 01:51:27.959",70
020093L,1,"2020-06-10 01:53:15.271",774
020123L,1,"2020-06-10 01:53:15.280",137
020033L,1,"2020-06-10 01:53:15.284",714
020063L,1,"2020-06-10 01:53:15.289",71
020093L,1,"2020-06-10 01:55:09.140",775
020123L,1,"2020-06-10 01:55:09.149",137
020033L,1,"2020-06-10 01:55:09.154",714
020063L,1,"2020-06-10 01:55:09.158",70
020093L,1,"2020-06-10 01:57:14.616",774
020123L,1,"2020-06-10 01:57:14.624",137
020033L,1,"2020-06-10 01:57:14.629",715
020063L,1,"2020-06-10 01:57:14.633",70
020093L,1,"2020-06-10 01:59:18.744",777
020123L,1,"2020-06-10 01:59:18.753",137
020033L,1,"2020-06-10 01:59:18.757",715
020063L,1,"2020-06-10 01:59:18.762",70
020093L,1,"2020-06-10 02:01:44.068",778
020123L,1,"2020-06-10 02:01:44.077",137
020033L,1,"2020-06-10 02:01:44.081",715
020063L,1,"2020-06-10 02:01:44.086",70
020093L,1,"2020-06-10 02:03:10.433",778
020123L,1,"2020-06-10 02:03:10.440",136
020033L,1,"2020-06-10 02:03:13.475",713
020063L,1,"2020-06-10 02:03:19.158",70
020093L,1,"2020-06-10 02:07:04.628",774
020123L,1,"2020-06-10 02:07:04.635",137
020033L,1,"2020-06-10 02:07:09.170",715
020063L,1,"2020-06-10 02:07:10.853",70
020093L,1,"2020-06-10 02:10:47.734",779
020123L,1,"2020-06-10 02:10:47.741",136
020033L,1,"2020-06-10 02:10:52.776",715
020063L,1,"2020-06-10 02:10:57.458",70
020093L,1,"2020-06-10 02:12:56.778",778
020123L,1,"2020-06-10 02:12:56.786",136
020033L,1,"2020-06-10 02:13:01.327",713
020063L,1,"2020-06-10 02:13:05.500",71
020093L,1,"2020-06-10 02:16:29.989",777
020123L,1,"2020-06-10 02:16:29.997",137
020033L,1,"2020-06-10 02:16:33.028",713
020063L,1,"2020-06-10 02:16:38.710",70
020093L,1,"2020-06-10 02:18:09.186",777
020123L,1,"2020-06-10 02:18:09.193",137
020033L,1,"2020-06-10 02:18:13.728",714
020063L,1,"2020-06-10 02:18:17.410",71
020093L,1,"2020-06-10 02:22:27.724",776
020123L,1,"2020-06-10 02:22:27.732",137
020033L,1,"2020-06-10 02:22:32.768",715
020063L,1,"2020-06-10 02:22:34.948",71
020093L,1,"2020-06-10 02:24:31.161",774
020123L,1,"2020-06-10 02:24:31.168",137
020033L,1,"2020-06-10 02:24:31.173",715
020063L,1,"2020-06-10 02:24:31.177",71
020093L,1,"2020-06-10 02:26:17.011",774
020123L,1,"2020-06-10 02:26:17.020",136
020033L,1,"2020-06-10 02:26:17.025",713
020063L,1,"2020-06-10 02:26:17.029",70
020093L,1,"2020-06-10 02:27:59.016",778
020123L,1,"2020-06-10 02:27:59.024",136
020033L,1,"2020-06-10 02:28:00.014",715
020063L,1,"2020-06-10 02:28:00.022",70
020093L,1,"2020-06-10 02:30:08.156",778
020123L,1,"2020-06-10 02:30:08.165",136
020033L,1,"2020-06-10 02:30:08.170",715
020063L,1,"2020-06-10 02:30:08.174",71
020093L,1,"2020-06-10 02:31:54.923",779
020123L,1,"2020-06-10 02:31:54.932",136
020033L,1,"2020-06-10 02:31:54.937",715
020063L,1,"2020-06-10 02:31:54.941",72
020093L,1,"2020-06-10 02:33:38.375",778
020123L,1,"2020-06-10 02:33:38.384",135
020033L,1,"2020-06-10 02:33:38.389",714
020063L,1,"2020-06-10 02:33:38.393",71
020093L,1,"2020-06-10 02:35:36.152",778
020123L,1,"2020-06-10 02:35:36.160",136
020033L,1,"2020-06-10 02:35:36.165",713
020063L,1,"2020-06-10 02:35:36.170",71
020093L,1,"2020-06-10 02:37:22.794",774
020123L,1,"2020-06-10 02:37:22.802",135
020033L,1,"2020-06-10 02:37:22.807",713
020063L,1,"2020-06-10 02:37:22.812",72
020093L,1,"2020-06-10 02:40:28.122",776
020123L,1,"2020-06-10 02:40:28.131",135
020033L,1,"2020-06-10 02:40:28.136",715
020063L,1,"2020-06-10 02:40:28.141",70
020093L,1,"2020-06-10 02:42:35.081",776
020123L,1,"2020-06-10 02:42:35.090",137
020033L,1,"2020-06-10 02:42:35.095",716
020063L,1,"2020-06-10 02:42:35.099",70
020093L,1,"2020-06-10 02:44:23.377",776
020123L,1,"2020-06-10 02:44:23.386",136
020033L,1,"2020-06-10 02:44:23.391",714
020063L,1,"2020-06-10 02:44:23.395",71
020093L,1,"2020-06-10 02:46:10.271",775
020123L,1,"2020-06-10 02:46:10.279",135
020033L,1,"2020-06-10 02:46:10.284",715
020063L,1,"2020-06-10 02:46:10.289",70
020093L,1,"2020-06-10 02:50:07.284",775
020123L,1,"2020-06-10 02:50:07.299",135
020033L,1,"2020-06-10 02:50:10.827",714
020063L,1,"2020-06-10 02:50:13.510",70
020093L,1,"2020-06-10 02:55:49.925",776
020123L,1,"2020-06-10 02:55:49.935",136
020033L,1,"2020-06-10 02:55:54.968",715
020063L,1,"2020-06-10 02:55:56.121",71
020093L,1,"2020-06-10 03:02:01.726",777
020123L,1,"2020-06-10 03:02:01.732",137
020033L,1,"2020-06-10 03:02:06.270",714
020063L,1,"2020-06-10 03:02:13.951",71
020093L,1,"2020-06-10 03:04:01.713",774
020123L,1,"2020-06-10 03:04:01.720",137
020033L,1,"2020-06-10 03:04:01.725",714
020063L,1,"2020-06-10 03:04:01.729",70
020093L,1,"2020-06-10 03:12:48.613",776
020123L,1,"2020-06-10 03:12:48.622",137
020033L,1,"2020-06-10 03:12:48.627",716
020063L,1,"2020-06-10 03:12:48.631",70
020093L,1,"2020-06-10 03:14:36.141",778
020123L,1,"2020-06-10 03:14:36.150",137
020033L,1,"2020-06-10 03:14:36.154",716
020063L,1,"2020-06-10 03:14:36.159",70
020093L,1,"2020-06-10 03:16:23.687",777
020123L,1,"2020-06-10 03:16:23.696",137
020033L,1,"2020-06-10 03:16:23.701",715
020063L,1,"2020-06-10 03:16:23.705",71
020093L,1,"2020-06-10 03:18:20.323",777
020123L,1,"2020-06-10 03:18:20.332",137
020033L,1,"2020-06-10 03:18:20.336",713
020063L,1,"2020-06-10 03:18:20.341",71
020093L,1,"2020-06-10 03:20:07.812",774
020123L,1,"2020-06-10 03:20:07.820",136
020033L,1,"2020-06-10 03:20:07.825",716
020063L,1,"2020-06-10 03:20:07.830",70
020093L,1,"2020-06-10 03:22:03.123",777
020123L,1,"2020-06-10 03:22:03.132",134
020033L,1,"2020-06-10 03:22:03.137",715
020063L,1,"2020-06-10 03:22:03.141",71
020093L,1,"2020-06-10 03:23:50.392",775
020123L,1,"2020-06-10 03:23:50.401",135
020033L,1,"2020-06-10 03:23:50.405",715
020063L,1,"2020-06-10 03:23:50.410",70
020093L,1,"2020-06-10 03:25:49.388",775
020123L,1,"2020-06-10 03:25:49.397",135
020033L,1,"2020-06-10 03:25:49.402",715
020063L,1,"2020-06-10 03:25:49.407",70
020093L,1,"2020-06-10 03:29:11.798",777
020123L,1,"2020-06-10 03:29:11.806",137
020033L,1,"2020-06-10 03:29:15.837",715
020063L,1,"2020-06-10 03:29:19.019",71
020093L,1,"2020-06-10 03:31:09.708",777
020123L,1,"2020-06-10 03:31:09.716",137
020033L,1,"2020-06-10 03:31:09.721",714
020063L,1,"2020-06-10 03:31:09.726",70
020093L,1,"2020-06-10 03:33:41.887",773
020123L,1,"2020-06-10 03:33:41.896",135
020033L,1,"2020-06-10 03:33:41.901",713
020063L,1,"2020-06-10 03:33:41.905",71
020093L,1,"2020-06-10 03:35:31.229",777
020123L,1,"2020-06-10 03:35:31.238",135
020033L,1,"2020-06-10 03:35:31.242",714
020063L,1,"2020-06-10 03:35:31.247",71
020093L,1,"2020-06-10 03:37:53.589",775
020123L,1,"2020-06-10 03:37:53.598",136
020033L,1,"2020-06-10 03:37:53.602",714
020063L,1,"2020-06-10 03:37:53.607",71
020093L,1,"2020-06-10 03:39:39.125",775
020123L,1,"2020-06-10 03:39:39.134",135
020033L,1,"2020-06-10 03:39:39.138",713
020063L,1,"2020-06-10 03:39:39.143",71
020093L,1,"2020-06-10 03:41:46.434",775
020123L,1,"2020-06-10 03:41:46.443",136
020033L,1,"2020-06-10 03:41:46.448",714
020063L,1,"2020-06-10 03:41:46.452",71
020093L,0,"2020-06-10 04:07:55.003",772
020123L,1,"2020-06-10 04:07:55.012",137
020033L,1,"2020-06-10 04:07:55.016",713
020063L,1,"2020-06-10 04:07:55.020",70
020093L,1,"2020-06-10 04:13:48.044",776
020123L,1,"2020-06-10 04:13:48.054",136
020033L,1,"2020-06-10 04:13:48.058",714
020063L,1,"2020-06-10 04:13:55.308",70
020093L,1,"2020-06-10 04:17:48.973",776
020123L,1,"2020-06-10 04:17:48.979",137
020033L,1,"2020-06-10 04:17:48.984",713
020063L,1,"2020-06-10 04:17:54.760",71
020093L,1,"2020-06-10 04:19:48.559",774
020123L,1,"2020-06-10 04:19:48.568",137
020033L,1,"2020-06-10 04:19:48.573",715
020063L,1,"2020-06-10 04:19:48.577",70
020093L,1,"2020-06-10 04:22:15.784",774
020123L,1,"2020-06-10 04:22:15.792",135
020033L,1,"2020-06-10 04:22:15.797",713
020063L,1,"2020-06-10 04:22:15.801",71
020093L,0,"2020-06-10 04:25:05.848",772
020123L,1,"2020-06-10 04:25:05.854",135
020033L,1,"2020-06-10 04:25:05.858",713
020063L,1,"2020-06-10 04:25:05.862",71
020093L,1,"2020-06-10 04:26:47.623",775
020123L,1,"2020-06-10 04:26:47.630",136
020033L,1,"2020-06-10 04:26:51.666",713
020063L,1,"2020-06-10 04:26:53.346",71
020093L,1,"2020-06-10 04:28:41.027",776
020123L,1,"2020-06-10 04:28:41.036",137
020033L,1,"2020-06-10 04:28:41.041",717
020063L,1,"2020-06-10 04:28:41.046",70
020093L,1,"2020-06-10 04:31:31.331",776
020123L,1,"2020-06-10 04:31:31.339",135
020033L,1,"2020-06-10 04:31:31.344",714
020063L,1,"2020-06-10 04:31:31.348",71
020093L,1,"2020-06-10 04:35:19.081",776
020123L,1,"2020-06-10 04:35:19.090",135
020033L,1,"2020-06-10 04:35:19.094",716
020063L,1,"2020-06-10 04:35:19.099",71
020093L,1,"2020-06-10 04:38:06.511",774
020123L,1,"2020-06-10 04:38:06.520",137
020033L,1,"2020-06-10 04:38:06.525",717
020063L,1,"2020-06-10 04:38:06.530",71
020093L,1,"2020-06-10 04:40:13.032",775
020123L,1,"2020-06-10 04:40:13.041",136
020033L,1,"2020-06-10 04:40:13.046",715
020063L,1,"2020-06-10 04:40:13.051",71
020093L,1,"2020-06-10 04:42:57.280",777
020123L,1,"2020-06-10 04:42:57.289",136
020033L,1,"2020-06-10 04:42:57.293",715
020063L,1,"2020-06-10 04:42:57.298",70
020093L,1,"2020-06-10 04:45:38.944",774
020123L,1,"2020-06-10 04:45:38.951",137
020033L,1,"2020-06-10 04:45:45.988",714
020063L,1,"2020-06-10 04:45:45.994",70
020093L,1,"2020-06-10 04:48:35.444",775
020123L,1,"2020-06-10 04:48:35.450",136
020033L,1,"2020-06-10 04:48:40.486",714
020063L,1,"2020-06-10 04:48:45.168",70
020093L,0,"2020-06-10 04:52:45.331",480
020123L,1,"2020-06-10 04:52:45.338",136
020033L,1,"2020-06-10 04:52:59.875",715
020063L,1,"2020-06-10 04:52:59.880",72
020093L,1,"2020-06-10 04:56:08.805",775
020123L,1,"2020-06-10 04:56:08.814",137
020033L,1,"2020-06-10 04:56:08.818",713
020063L,1,"2020-06-10 04:56:08.823",70
020093L,1,"2020-06-10 04:58:58.101",776
020123L,1,"2020-06-10 04:58:58.109",135
020033L,1,"2020-06-10 04:58:58.114",715
020063L,1,"2020-06-10 04:58:58.119",70
020093L,1,"2020-06-10 05:02:02.622",775
020123L,1,"2020-06-10 05:02:02.630",136
020033L,1,"2020-06-10 05:02:02.635",716
020063L,1,"2020-06-10 05:02:02.639",70
020093L,1,"2020-06-10 05:04:50.306",775
020123L,1,"2020-06-10 05:04:50.315",136
020033L,1,"2020-06-10 05:04:50.320",714
020063L,1,"2020-06-10 05:04:50.325",71
020093L,1,"2020-06-10 05:08:29.205",776
020123L,1,"2020-06-10 05:08:29.214",136
020033L,1,"2020-06-10 05:08:29.218",715
020063L,1,"2020-06-10 05:08:29.223",70
020093L,1,"2020-06-10 05:12:34.332",773
020123L,1,"2020-06-10 05:12:34.341",136
020033L,0,"2020-06-10 05:12:34.346",712
020063L,1,"2020-06-10 05:12:34.351",71
020093L,1,"2020-06-10 05:15:29.621",773
020123L,1,"2020-06-10 05:15:29.628",135
020033L,1,"2020-06-10 05:15:33.663",715
020063L,1,"2020-06-10 05:15:34.820",70
020093L,1,"2020-06-10 05:17:47.388",773
020123L,1,"2020-06-10 05:17:47.395",136
020033L,1,"2020-06-10 05:17:47.400",714
020063L,1,"2020-06-10 05:17:47.404",71
020093L,1,"2020-06-10 05:19:41.405",774
020123L,1,"2020-06-10 05:19:41.414",135
020033L,1,"2020-06-10 05:19:41.418",716
020063L,1,"2020-06-10 05:19:41.423",71
020093L,1,"2020-06-10 05:21:28.408",773
020123L,1,"2020-06-10 05:21:28.414",136
020033L,0,"2020-06-10 05:21:32.951",712
020063L,1,"2020-06-10 05:21:36.632",71
020093L,1,"2020-06-10 05:24:19.640",776
020123L,1,"2020-06-10 05:24:19.647",137
020033L,1,"2020-06-10 05:24:24.686",713
020063L,1,"2020-06-10 05:24:24.690",71
020093L,1,"2020-06-10 05:27:17.215",774
020123L,1,"2020-06-10 05:27:17.222",134
020033L,1,"2020-06-10 05:27:17.226",715
020063L,1,"2020-06-10 05:27:17.232",70
020093L,1,"2020-06-10 05:31:51.600",776
020123L,1,"2020-06-10 05:31:51.608",139
020033L,1,"2020-06-10 05:31:51.613",715
020063L,1,"2020-06-10 05:31:51.617",70
020093L,1,"2020-06-10 05:36:01.628",774
020123L,1,"2020-06-10 05:36:01.637",135
020033L,1,"2020-06-10 05:36:01.641",715
020063L,1,"2020-06-10 05:36:01.646",71
020093L,1,"2020-06-10 05:38:40.649",777
020123L,1,"2020-06-10 05:38:40.658",138
020033L,1,"2020-06-10 05:38:40.662",714
020063L,1,"2020-06-10 05:38:40.667",71
020093L,1,"2020-06-10 05:40:51.234",776
020123L,1,"2020-06-10 05:40:51.243",137
020033L,1,"2020-06-10 05:40:51.248",716
020063L,1,"2020-06-10 05:40:51.252",72
020093L,1,"2020-06-10 05:43:10.547",779
020123L,1,"2020-06-10 05:43:10.556",136
020033L,1,"2020-06-10 05:43:10.560",715
020063L,1,"2020-06-10 05:43:10.565",70
020093L,1,"2020-06-10 05:45:22.878",775
020123L,1,"2020-06-10 05:45:22.886",137
020033L,1,"2020-06-10 05:45:22.891",713
020063L,1,"2020-06-10 05:45:22.895",70
020093L,1,"2020-06-10 05:47:27.377",775
020123L,1,"2020-06-10 05:47:27.385",136
020033L,0,"2020-06-10 05:47:27.390",712
020063L,1,"2020-06-10 05:47:27.395",71
020093L,1,"2020-06-10 05:51:25.444",777
020123L,1,"2020-06-10 05:51:25.450",137
020033L,1,"2020-06-10 05:51:29.486",714
020063L,1,"2020-06-10 05:51:31.168",71
020093L,1,"2020-06-10 05:53:32.802",776
020123L,1,"2020-06-10 05:53:32.809",136
020033L,1,"2020-06-10 05:53:32.813",715
020063L,1,"2020-06-10 05:53:32.818",71
020093L,1,"2020-06-10 05:55:50.864",778
020123L,1,"2020-06-10 05:55:50.872",135
020033L,1,"2020-06-10 05:55:50.877",715
020063L,1,"2020-06-10 05:55:50.881",71
020093L,1,"2020-06-10 06:10:38.717",777
020123L,1,"2020-06-10 06:10:38.722",136
020033L,1,"2020-06-10 06:10:38.727",714
020063L,1,"2020-06-10 06:10:38.731",70
020093L,1,"2020-06-10 06:13:51.753",774
020123L,1,"2020-06-10 06:13:51.761",138
020033L,1,"2020-06-10 06:13:51.766",713
020063L,1,"2020-06-10 06:13:51.770",71
020093L,1,"2020-06-10 06:18:02.699",778
020123L,1,"2020-06-10 06:18:02.707",135
020033L,1,"2020-06-10 06:18:02.712",713
020063L,1,"2020-06-10 06:18:02.717",70
020093L,1,"2020-06-10 06:20:59.499",778
020123L,1,"2020-06-10 06:20:59.505",136
020033L,1,"2020-06-10 06:21:00.996",714
020063L,1,"2020-06-10 06:21:01.066",70
020093L,1,"2020-06-10 06:24:08.005",776
020123L,1,"2020-06-10 06:24:08.014",136
020033L,1,"2020-06-10 06:24:09.004",715
020063L,1,"2020-06-10 06:24:09.012",70
020093L,1,"2020-06-10 06:26:24.783",777
020123L,1,"2020-06-10 06:26:24.791",136
020033L,1,"2020-06-10 06:26:24.796",713
020063L,1,"2020-06-10 06:26:24.800",70
020093L,1,"2020-06-10 06:29:34.587",775
020123L,1,"2020-06-10 06:29:34.595",137
020033L,0,"2020-06-10 06:29:34.600",712
020063L,1,"2020-06-10 06:29:34.605",71
020093L,1,"2020-06-10 06:33:55.147",777
020123L,1,"2020-06-10 06:33:55.155",138
020033L,1,"2020-06-10 06:33:59.689",714
020063L,1,"2020-06-10 06:34:04.371",71
020093L,1,"2020-06-10 06:35:54.855",778
020123L,1,"2020-06-10 06:35:54.863",136
020033L,1,"2020-06-10 06:35:54.867",714
020063L,1,"2020-06-10 06:35:54.872",70
020093L,1,"2020-06-10 06:37:39.244",775
020123L,1,"2020-06-10 06:37:39.251",137
020033L,1,"2020-06-10 06:37:40.242",714
020063L,1,"2020-06-10 06:37:40.250",70
020093L,1,"2020-06-10 06:39:35.716",776
020123L,1,"2020-06-10 06:39:35.726",135
020033L,0,"2020-06-10 06:39:36.217",712
020063L,1,"2020-06-10 06:39:36.226",71
020093L,1,"2020-06-10 06:42:33.633",778
020123L,1,"2020-06-10 06:42:33.638",136
020033L,1,"2020-06-10 06:42:37.699",713
020063L,1,"2020-06-10 06:42:40.859",70
020093L,1,"2020-06-10 06:48:59.389",777
020123L,1,"2020-06-10 06:48:59.398",135
020033L,1,"2020-06-10 06:48:59.402",716
020063L,1,"2020-06-10 06:48:59.407",72
020093L,1,"2020-06-10 06:51:12.054",775
020123L,1,"2020-06-10 06:51:12.063",137
020033L,1,"2020-06-10 06:51:12.068",714
020063L,1,"2020-06-10 06:51:12.072",72
020093L,1,"2020-06-10 06:54:48.121",777
020123L,1,"2020-06-10 06:54:48.130",137
020033L,1,"2020-06-10 06:54:48.135",714
020063L,1,"2020-06-10 06:54:48.139",71
020093L,1,"2020-06-10 06:56:36.412",776
020123L,1,"2020-06-10 06:56:36.421",137
020033L,1,"2020-06-10 06:56:36.426",713
020063L,1,"2020-06-10 06:56:36.430",70
020093L,1,"2020-06-10 06:59:05.558",775
020123L,1,"2020-06-10 06:59:05.567",138
020033L,1,"2020-06-10 06:59:05.572",713
020063L,1,"2020-06-10 06:59:05.576",71
020093L,1,"2020-06-10 07:01:00.657",779
020123L,1,"2020-06-10 07:01:00.665",137
020033L,1,"2020-06-10 07:01:00.670",714
020063L,1,"2020-06-10 07:01:00.675",70
020093L,1,"2020-06-10 07:02:56.216",777
020123L,1,"2020-06-10 07:02:56.224",135
020033L,1,"2020-06-10 07:02:56.229",716
020063L,1,"2020-06-10 07:02:56.233",71
020093L,1,"2020-06-10 07:06:18.158",775
020123L,1,"2020-06-10 07:06:18.166",137
020033L,1,"2020-06-10 07:06:18.171",715
020063L,1,"2020-06-10 07:06:18.176",72
020093L,1,"2020-06-10 07:11:11.643",774
020123L,1,"2020-06-10 07:11:11.652",136
020033L,1,"2020-06-10 07:11:13.143",715
020063L,1,"2020-06-10 07:11:13.211",70
020093L,1,"2020-06-10 07:12:58.156",776
020123L,1,"2020-06-10 07:12:58.164",137
020033L,1,"2020-06-10 07:12:58.169",715
020063L,1,"2020-06-10 07:12:58.174",71
020093L,1,"2020-06-10 07:14:57.573",778
020123L,1,"2020-06-10 07:14:57.582",137
020033L,1,"2020-06-10 07:14:57.587",713
020063L,1,"2020-06-10 07:14:57.592",71
020093L,1,"2020-06-10 07:17:09.650",776
020123L,1,"2020-06-10 07:17:09.659",137
020033L,1,"2020-06-10 07:17:09.663",713
020063L,1,"2020-06-10 07:17:09.668",71
020093L,1,"2020-06-10 07:19:33.830",777
020123L,1,"2020-06-10 07:19:33.839",135
020033L,1,"2020-06-10 07:19:33.843",713
020063L,1,"2020-06-10 07:19:33.848",71
020093L,1,"2020-06-10 07:21:55.811",774
020123L,1,"2020-06-10 07:21:55.819",138
020033L,1,"2020-06-10 07:21:55.824",715
020063L,1,"2020-06-10 07:21:55.828",71
020093L,1,"2020-06-10 07:23:41.735",774
020123L,1,"2020-06-10 07:23:41.744",137
020033L,1,"2020-06-10 07:23:41.748",716
020063L,1,"2020-06-10 07:23:41.752",71
020093L,1,"2020-06-10 07:29:36.742",778
020123L,1,"2020-06-10 07:29:36.751",138
020033L,1,"2020-06-10 07:29:36.755",713
020063L,1,"2020-06-10 07:29:36.760",70
020093L,1,"2020-06-10 07:31:52.457",773
020123L,1,"2020-06-10 07:31:52.465",135
020033L,1,"2020-06-10 07:31:52.470",715
020063L,1,"2020-06-10 07:31:52.475",70
020093L,1,"2020-06-10 07:33:51.018",773
020123L,1,"2020-06-10 07:33:51.026",135
020033L,1,"2020-06-10 07:33:51.031",714
020063L,1,"2020-06-10 07:33:51.036",71
020093L,1,"2020-06-10 07:37:58.446",776
020123L,1,"2020-06-10 07:37:58.455",135
020033L,1,"2020-06-10 07:37:58.460",714
020063L,1,"2020-06-10 07:37:58.464",72
020093L,1,"2020-06-10 07:39:46.750",777
020123L,1,"2020-06-10 07:39:46.759",138
020033L,1,"2020-06-10 07:39:46.764",713
020063L,1,"2020-06-10 07:39:46.769",71
020093L,1,"2020-06-10 07:42:52.418",774
020123L,1,"2020-06-10 07:42:52.427",137
020033L,1,"2020-06-10 07:42:52.431",716
020063L,1,"2020-06-10 07:42:52.436",70
020093L,1,"2020-06-10 07:44:48.639",778
020123L,1,"2020-06-10 07:44:48.648",134
020033L,1,"2020-06-10 07:44:48.652",714
020063L,1,"2020-06-10 07:44:48.657",71
020093L,1,"2020-06-10 07:47:06.535",776
020123L,1,"2020-06-10 07:47:06.544",136
020033L,1,"2020-06-10 07:47:06.549",713
020063L,1,"2020-06-10 07:47:06.554",70
020093L,1,"2020-06-10 07:49:10.774",776
020123L,1,"2020-06-10 07:49:10.783",136
020033L,1,"2020-06-10 07:49:10.788",713
020063L,1,"2020-06-10 07:49:10.792",71
020093L,1,"2020-06-10 07:50:58.680",776
020123L,1,"2020-06-10 07:50:58.689",136
020033L,1,"2020-06-10 07:50:58.694",714
020063L,1,"2020-06-10 07:50:58.698",71
020093L,1,"2020-06-10 08:02:30.839",776
020123L,1,"2020-06-10 08:02:30.850",136
020033L,1,"2020-06-10 08:02:30.855",714
020063L,1,"2020-06-10 08:02:30.860",70
020093L,1,"2020-06-10 08:14:33.177",774
020123L,1,"2020-06-10 08:14:33.185",136
020033L,1,"2020-06-10 08:14:33.189",713
020063L,1,"2020-06-10 08:14:33.194",71
020093L,1,"2020-06-10 08:18:05.571",776
020123L,1,"2020-06-10 08:18:05.580",134
020033L,1,"2020-06-10 08:18:05.584",713
020063L,1,"2020-06-10 08:18:05.589",70
020093L,1,"2020-06-10 08:19:54.750",775
020123L,1,"2020-06-10 08:19:54.758",137
020033L,1,"2020-06-10 08:19:54.763",715
020063L,1,"2020-06-10 08:19:54.767",71
020093L,1,"2020-06-10 08:25:48.361",778
020123L,1,"2020-06-10 08:25:48.368",138
020033L,1,"2020-06-10 08:25:48.373",716
020063L,1,"2020-06-10 08:25:48.377",71
020093L,1,"2020-06-10 08:27:34.727",778
020123L,1,"2020-06-10 08:27:34.734",135
020033L,1,"2020-06-10 08:27:34.739",713
020063L,1,"2020-06-10 08:27:34.743",70
020093L,1,"2020-06-10 08:29:20.146",776
020123L,1,"2020-06-10 08:29:20.152",136
020033L,1,"2020-06-10 08:29:20.156",715
020063L,1,"2020-06-10 08:29:20.161",70
020093L,1,"2020-06-10 08:31:07.535",774
020123L,1,"2020-06-10 08:31:07.542",137
020033L,1,"2020-06-10 08:31:07.547",713
020063L,1,"2020-06-10 08:31:07.551",71
020093L,1,"2020-06-10 08:33:04.166",776
020123L,1,"2020-06-10 08:33:04.173",137
020033L,1,"2020-06-10 08:33:04.178",714
020063L,1,"2020-06-10 08:33:04.182",71
020093L,1,"2020-06-10 08:35:03.336",777
020123L,1,"2020-06-10 08:35:03.343",135
020033L,1,"2020-06-10 08:35:03.347",715
020063L,1,"2020-06-10 08:35:03.352",70
020093L,1,"2020-06-10 08:37:14.991",775
020123L,1,"2020-06-10 08:37:14.998",135
020033L,0,"2020-06-10 08:37:15.002",712
020063L,1,"2020-06-10 08:37:15.007",70
020093L,1,"2020-06-10 08:39:01.057",777
020123L,1,"2020-06-10 08:39:01.065",136
020033L,1,"2020-06-10 08:39:06.100",714
020063L,1,"2020-06-10 08:39:07.775",70
020093L,1,"2020-06-10 08:40:55.464",777
020123L,1,"2020-06-10 08:40:55.472",136
020033L,1,"2020-06-10 08:40:55.476",715
020063L,1,"2020-06-10 08:40:55.481",71
020093L,1,"2020-06-10 08:42:43.062",776
020123L,1,"2020-06-10 08:42:43.071",136
020033L,1,"2020-06-10 08:42:43.076",715
020063L,1,"2020-06-10 08:42:43.080",70
020093L,1,"2020-06-10 08:44:28.942",775
020123L,1,"2020-06-10 08:44:28.950",138
020033L,1,"2020-06-10 08:44:28.955",715
020063L,1,"2020-06-10 08:44:28.960",70
020093L,1,"2020-06-10 08:46:18.482",775
020123L,1,"2020-06-10 08:46:18.489",135
020033L,1,"2020-06-10 08:46:18.493",714
020063L,1,"2020-06-10 08:46:18.498",71
020093L,1,"2020-06-10 08:48:06.893",774
020123L,1,"2020-06-10 08:48:06.901",138
020033L,1,"2020-06-10 08:48:06.906",713
020063L,1,"2020-06-10 08:48:06.910",70
020093L,1,"2020-06-10 08:50:38.648",776
020123L,1,"2020-06-10 08:50:38.654",137
020033L,1,"2020-06-10 08:50:38.658",715
020063L,1,"2020-06-10 08:50:38.663",70
020093L,1,"2020-06-10 08:52:26.511",775
020123L,1,"2020-06-10 08:52:26.518",136
020033L,1,"2020-06-10 08:52:26.523",716
020063L,1,"2020-06-10 08:52:26.528",71
